{	"player":{ "pos":[333.183594,-0.741585]},
	"rect":{
		"pos":[325.277344,0.695915],
		"size":[0.937500,1.625000],
		"color":[15,173,173],
		"dynamic":false},
	"rect":{
		"pos":[325.246094,-1.210335],
		"size":[2.250000,2.812500],
		"color":[76,127,57],
		"dynamic":false},
	"rect":{
		"pos":[336.402344,-6.897835],
		"size":[2.812500,0.812500],
		"color":[85,53,15],
		"dynamic":false},
	"rect":{
		"pos":[336.902344,-7.054085],
		"size":[2.812500,0.625000],
		"color":[132,16,50],
		"dynamic":false},
	"rect":{
		"pos":[347.496094,-11.460335],
		"size":[10.875000,0.937500],
		"color":[108,120,177],
		"dynamic":false},
	"rect":{
		"pos":[347.464844,-13.429085],
		"size":[12.062500,0.750000],
		"color":[41,208,43],
		"dynamic":false},
	"rect":{
		"pos":[332.089844,-10.491585],
		"size":[1.562500,1.250000],
		"color":[142,13,113],
		"dynamic":false},
	"rect":{
		"pos":[331.746094,-10.397835],
		"size":[2.000000,0.812500],
		"color":[62,10,254],
		"dynamic":false},
	"rect":{
		"pos":[331.933594,-10.397835],
		"size":[1.625000,1.062500],
		"color":[146,50,71],
		"dynamic":false},
	"rect":{
		"pos":[331.402344,-9.991585],
		"size":[1.437500,1.000000],
		"color":[43,73,125],
		"dynamic":false},
	"rect":{
		"pos":[331.589844,-9.960335],
		"size":[1.437500,0.812500],
		"color":[136,255,230],
		"dynamic":false},
	"rect":{
		"pos":[332.214844,-10.460335],
		"size":[2.562500,1.187500],
		"color":[111,190,93],
		"dynamic":false},
	"rect":{
		"pos":[325.027344,-3.960335],
		"size":[4.812500,3.437500],
		"color":[7,239,56],
		"dynamic":false},
	"rect":{
		"pos":[332.246094,-10.022835],
		"size":[2.000000,1.062500],
		"color":[61,108,148],
		"dynamic":false},
	"rect":{
		"pos":[332.089844,-9.960335],
		"size":[2.937500,2.187500],
		"color":[144,201,50],
		"dynamic":false},
	"rect":{
		"pos":[332.058594,-10.054085],
		"size":[2.125000,0.750000],
		"color":[197,239,198],
		"dynamic":false},
	"rect":{
		"pos":[332.527344,-10.366585],
		"size":[2.312500,1.750000],
		"color":[79,18,62],
		"dynamic":false},
	"rect":{
		"pos":[333.183594,-10.866585],
		"size":[3.125000,2.250000],
		"color":[127,5,32],
		"dynamic":false},
	"rect":{
		"pos":[332.183594,-10.335335],
		"size":[1.875000,1.187500],
		"color":[182,87,1],
		"dynamic":false},
	"rect":{
		"pos":[332.527344,-10.304085],
		"size":[3.312500,2.500000],
		"color":[8,2,171],
		"dynamic":false},
	"rect":{
		"pos":[333.058594,-10.710335],
		"size":[2.375000,1.812500],
		"color":[27,66,199],
		"dynamic":false},
	"rect":{
		"pos":[332.402344,-10.429085],
		"size":[2.312500,1.625000],
		"color":[20,249,101],
		"dynamic":false},
	"rect":{
		"pos":[332.683594,-10.647835],
		"size":[3.125000,2.312500],
		"color":[57,227,171],
		"dynamic":false},
	"rect":{
		"pos":[332.089844,-10.179085],
		"size":[21.312500,10.000000],
		"color":[155,162,249],
		"dynamic":false},
	"rect":{
		"pos":[332.777344,-10.054085],
		"size":[2.812500,2.250000],
		"color":[50,166,107],
		"dynamic":false},
	"rect":{
		"pos":[338.027344,-7.960335],
		"size":[3.187500,1.312500],
		"color":[222,155,196],
		"dynamic":false},
	"rect":{
		"pos":[329.214844,-13.710335],
		"size":[6.187500,1.062500],
		"color":[218,143,114],
		"dynamic":false},
	"rect":{
		"pos":[332.808594,-12.710335],
		"size":[0.375000,2.437500],
		"color":[230,164,129],
		"dynamic":false},
	"rect":{
		"pos":[335.933594,-13.366585],
		"size":[5.125000,0.125000],
		"color":[94,227,82],
		"dynamic":false},
	"rect":{
		"pos":[351.371094,-20.866585],
		"size":[40.625000,11.250000],
		"color":[63,228,164],
		"dynamic":false},
	"rect":{
		"pos":[370.027344,-5.210335],
		"size":[2.687500,19.687500],
		"color":[10,113,205],
		"dynamic":false},
	"rect":{
		"pos":[370.746094,-35.741577],
		"size":[1.500000,18.875000],
		"color":[211,236,96],
		"dynamic":false},
	"rect":{
		"pos":[366.339844,-35.679077],
		"size":[1.687500,18.250000],
		"color":[21,232,235],
		"dynamic":false},
	"rect":{
		"pos":[339.214844,-4.304085],
		"size":[3.312500,2.375000],
		"color":[134,82,129],
		"dynamic":false},
	"rect":{
		"pos":[332.652344,-35.960327],
		"size":[2.687500,18.812500],
		"color":[184,192,82],
		"dynamic":false},
	"rect":{
		"pos":[337.308594,-35.741577],
		"size":[2.875000,19.250000],
		"color":[67,244,247],
		"dynamic":false},
	"rect":{
		"pos":[339.058594,-2.429085],
		"size":[1.875000,2.125000],
		"color":[89,6,101],
		"dynamic":false},
	"rect":{
		"pos":[338.933594,-0.210335],
		"size":[0.625000,2.187500],
		"color":[3,3,235],
		"dynamic":false},
	"rect":{
		"pos":[318.933594,-11.554085],
		"size":[10.250000,0.500000],
		"color":[128,190,27],
		"dynamic":false},
	"rect":{
		"pos":[318.902344,-12.616585],
		"size":[9.812500,0.250000],
		"color":[36,144,233],
		"dynamic":false},
	"rect":{
		"pos":[327.183594,-7.554085],
		"size":[2.750000,0.875000],
		"color":[195,38,60],
		"dynamic":false}
}