{	"circle":{
		"size":6.187816,
		"pos":[56.312500,0.125000],
		"color":[2,144,20],
		"dynamic":false},
	"circle":{
		"size":2.240431,
		"pos":[56.125000,6.437500],
		"color":[141,164,235],
		"dynamic":false},
	"circle":{
		"size":5.785893,
		"pos":[103.437500,53.062500],
		"color":[182,53,34],
		"dynamic":false},
	"circle":{
		"size":1.305038,
		"pos":[115.500000,49.312500],
		"color":[210,187,214],
		"dynamic":true},
	"circle":{
		"size":1.563750,
		"pos":[115.250000,46.000000],
		"color":[190,133,168],
		"dynamic":true},
	"circle":{
		"size":1.546165,
		"pos":[118.562500,46.687500],
		"color":[28,192,213],
		"dynamic":true},
	"circle":{
		"size":1.009718,
		"pos":[121.000000,49.000000],
		"color":[214,139,158],
		"dynamic":true},
	"circle":{
		"size":1.751116,
		"pos":[122.312500,45.750000],
		"color":[165,39,111],
		"dynamic":true},
	"circle":{
		"size":1.091516,
		"pos":[120.375000,43.187500],
		"color":[192,206,169],
		"dynamic":true},
	"circle":{
		"size":1.325825,
		"pos":[116.125000,41.687500],
		"color":[239,131,251],
		"dynamic":true},
	"circle":{
		"size":1.062500,
		"pos":[117.250000,43.875000],
		"color":[118,33,147],
		"dynamic":true},
	"circle":{
		"size":1.426589,
		"pos":[119.750000,40.125000],
		"color":[59,238,40],
		"dynamic":true},
	"circle":{
		"size":1.349190,
		"pos":[116.187500,37.750000],
		"color":[233,225,230],
		"dynamic":true},
	"circle":{
		"size":0.760345,
		"pos":[119.625000,36.750000],
		"color":[74,72,18],
		"dynamic":true},
	"circle":{
		"size":2.312500,
		"pos":[124.250000,36.312500],
		"color":[40,103,74],
		"dynamic":true},
	"circle":{
		"size":0.712610,
		"pos":[124.562500,40.312500],
		"color":[135,165,73],
		"dynamic":true},
	"circle":{
		"size":1.091516,
		"pos":[127.687500,42.125000],
		"color":[200,183,113],
		"dynamic":true},
	"circle":{
		"size":0.755190,
		"pos":[124.875000,43.625000],
		"color":[203,233,31],
		"dynamic":true},
	"circle":{
		"size":0.375000,
		"pos":[123.062500,42.312500],
		"color":[251,82,86],
		"dynamic":true},
	"circle":{
		"size":0.956066,
		"pos":[127.187500,46.062500],
		"color":[9,177,214],
		"dynamic":true},
	"circle":{
		"size":0.576222,
		"pos":[124.437500,48.312500],
		"color":[29,49,185],
		"dynamic":true},
	"circle":{
		"size":0.687500,
		"pos":[128.125000,48.187500],
		"color":[116,33,138],
		"dynamic":true},
	"circle":{
		"size":0.698771,
		"pos":[126.187500,50.125000],
		"color":[159,77,35],
		"dynamic":true},
	"circle":{
		"size":0.929129,
		"pos":[129.937500,45.375000],
		"color":[10,52,233],
		"dynamic":true},
	"circle":{
		"size":1.562500,
		"pos":[130.625000,42.187500],
		"color":[143,65,212],
		"dynamic":true},
	"circle":{
		"size":0.437500,
		"pos":[130.125000,39.000000],
		"color":[133,150,23],
		"dynamic":true},
	"circle":{
		"size":1.040207,
		"pos":[128.562500,37.187500],
		"color":[56,241,101],
		"dynamic":true},
	"circle":{
		"size":0.773082,
		"pos":[127.062500,39.750000],
		"color":[25,58,79],
		"dynamic":true},
	"circle":{
		"size":1.001951,
		"pos":[131.500000,37.062500],
		"color":[142,57,11],
		"dynamic":true},
	"circle":{
		"size":1.064337,
		"pos":[156.187500,43.312500],
		"color":[133,114,166],
		"dynamic":false},
	"circle":{
		"size":0.838525,
		"pos":[167.312500,40.312500],
		"color":[139,83,35],
		"dynamic":false},
	"circle":{
		"size":0.868278,
		"pos":[186.312500,40.312500],
		"color":[68,33,249],
		"dynamic":false},
	"circle":{
		"size":0.795495,
		"pos":[173.750000,40.375000],
		"color":[76,157,60],
		"dynamic":false},
	"circle":{
		"size":1.000000,
		"pos":[-5.000000,2.000000],
		"color":[255,0,255],
		"dynamic":true},
	"pickable":{"pos":[113.312500,5.500000]},
	"pickable":{"pos":[18.000000,4.000000]},
	"pickable":{"pos":[26.000000,6.000000]},
	"pickable":{"pos":[30.000000,11.000000]},
	"pickable":{"pos":[40.000000,11.500000]},
	"pickable":{"pos":[45.000000,14.000000]},
	"pickable":{"pos":[60.000000,20.000000]},
	"pickable":{"pos":[70.000000,24.000000]},
	"pickable":{"pos":[99.000000,31.375000]},
	"pickable":{"pos":[93.500000,47.312500]},
	"pickable":{"pos":[84.562500,55.875000]},
	"pickable":{"pos":[137.750000,45.687500]},
	"pickable":{"pos":[157.250000,48.250000]},
	"pickable":{"pos":[177.125000,44.375000]},
	"pickable":{"pos":[151.187500,4.312500]},
	"pickable":{"pos":[188.812500,4.312500]},
	"player":{ "pos":[11.000000,10.000000]},
	"rect":{
		"pos":[144.888184,36.363586],
		"size":[1.000000,14.687500],
		"color":[23,148,47],
		"dynamic":false},
	"rect":{
		"pos":[124.263184,29.832336],
		"size":[25.000000,1.375000],
		"color":[40,48,227],
		"dynamic":false},
	"rect":{
		"pos":[140.544434,29.707336],
		"size":[7.312500,0.875000],
		"color":[21,129,213],
		"dynamic":false},
	"rect":{
		"pos":[110.794312,29.707336],
		"size":[2.062500,1.125000],
		"color":[13,235,130],
		"dynamic":false},
	"rect":{
		"pos":[109.544312,39.863586],
		"size":[0.937500,21.437500],
		"color":[4,198,66],
		"dynamic":false},
	"rect":{
		"pos":[79.968750,12.500000],
		"size":[6.062500,19.125000],
		"color":[78,190,244],
		"dynamic":false},
	"rect":{
		"pos":[16.000000,16.000000],
		"size":[3.000000,4.000000],
		"color":[255,200,50],
		"dynamic":true},
	"rect":{
		"pos":[0.000000,14.000000],
		"size":[5.000000,1.000000],
		"color":[255,50,50],
		"dynamic":true},
	"rect":{
		"pos":[0.000000,-100.000000],
		"size":[400.000000,200.000000],
		"color":[50,255,75],
		"dynamic":false},
	"rect":{
		"pos":[79.968750,1.531250],
		"size":[6.187500,2.937500],
		"color":[112,20,199],
		"dynamic":false},
	"rect":{
		"pos":[49.500000,3.968750],
		"size":[9.375000,8.062500],
		"color":[15,14,66],
		"dynamic":false},
	"rect":{
		"pos":[55.218750,5.343750],
		"size":[1.937500,10.562500],
		"color":[210,141,75],
		"dynamic":false},
	"rect":{
		"pos":[11.000000,3.000000],
		"size":[2.500000,6.000000],
		"color":[255,130,22],
		"dynamic":false},
	"rect":{
		"pos":[93.593750,24.500000],
		"size":[21.187500,5.000000],
		"color":[164,190,68],
		"dynamic":false},
	"rect":{
		"pos":[102.312500,4.093750],
		"size":[3.750000,8.312500],
		"color":[27,125,100],
		"dynamic":false},
	"rect":{
		"pos":[102.125000,15.093750],
		"size":[4.125000,13.562500],
		"color":[82,13,177],
		"dynamic":false},
	"rect":{
		"pos":[93.906250,43.031250],
		"size":[7.812500,2.062500],
		"color":[158,179,102],
		"dynamic":false},
	"rect":{
		"pos":[73.250000,52.656250],
		"size":[6.500000,17.187500],
		"color":[181,245,22],
		"dynamic":false},
	"rect":{
		"pos":[84.468750,52.625000],
		"size":[7.312500,2.125000],
		"color":[20,168,244],
		"dynamic":false},
	"rect":{
		"pos":[77.843750,63.218750],
		"size":[15.562500,3.812500],
		"color":[92,60,176],
		"dynamic":false},
	"rect":{
		"pos":[40.000000,4.000000],
		"size":[10.000000,8.000000],
		"color":[159,130,122],
		"dynamic":false},
	"rect":{
		"pos":[111.500000,45.843750],
		"size":[3.000000,12.187500],
		"color":[30,36,30],
		"dynamic":false},
	"rect":{
		"pos":[111.437500,35.031250],
		"size":[2.875000,9.562500],
		"color":[248,56,59],
		"dynamic":false},
	"rect":{
		"pos":[125.250000,32.531250],
		"size":[24.875000,4.562500],
		"color":[79,168,133],
		"dynamic":false},
	"rect":{
		"pos":[-9.500000,5.000000],
		"size":[5.000000,10.000000],
		"color":[159,170,122],
		"dynamic":false},
	"rect":{
		"pos":[-9.000000,15.000000],
		"size":[10.000000,10.000000],
		"color":[59,130,122],
		"dynamic":false},
	"rect":{
		"pos":[136.593750,39.281250],
		"size":[2.062500,8.812500],
		"color":[96,6,189],
		"dynamic":true},
	"rect":{
		"pos":[50.000000,11.000000],
		"size":[8.500000,6.000000],
		"color":[59,130,222],
		"dynamic":false},
	"rect":{
		"pos":[140.968750,36.937500],
		"size":[6.812500,13.375000],
		"color":[192,36,96],
		"dynamic":true},
	"rect":{
		"pos":[156.812500,45.687500],
		"size":[21.250000,0.750000],
		"color":[247,108,24],
		"dynamic":true},
	"rect":{
		"pos":[177.250000,41.906250],
		"size":[21.125000,1.062500],
		"color":[125,186,172],
		"dynamic":true},
	"rect":{
		"pos":[197.062500,25.250000],
		"size":[5.500000,50.250000],
		"color":[68,32,189],