{	"circle":{
		"size":7.312767,
		"pos":[39.937500,0.500000],
		"color":[38,53,230],
		"dynamic":false},
	"circle":{
		"size":1.501302,
		"pos":[35.562500,-13.750000],
		"color":[201,61,229],
		"dynamic":false},
	"pickable":{"pos":[26.998688,-26.991638]},
	"pickable":{"pos":[43.250000,-27.000000]},
	"pickable":{"pos":[2.000000,7.312500]},
	"pickable":{"pos":[23.812500,-16.500000]},
	"pickable":{"pos":[49.687500,-9.625000]},
	"pickable":{"pos":[52.250000,8.000000]},
	"pickable":{"pos":[24.937500,4.875000]},
	"pickable":{"pos":[11.500000,-3.812500]},
	"pickable":{"pos":[37.875000,-9.500000]},
	"pickable":{"pos":[12.000000,-27.187500]},
	"player":{ "pos":[-7.062500,-3.812500]},
	"rect":{
		"pos":[0.281250,-8.343750],
		"size":[32.062500,2.312500],
		"color":[82,143,202],
		"dynamic":false},
	"rect":{
		"pos":[42.750000,15.437500],
		"size":[22.750000,2.875000],
		"color":[109,69,42],
		"dynamic":false},
	"rect":{
		"pos":[55.812500,8.406250],
		"size":[3.375000,16.812500],
		"color":[7,217,191],
		"dynamic":false},
	"rect":{
		"pos":[55.812500,-7.250000],
		"size":[3.250000,14.375000],
		"color":[180,205,253],
		"dynamic":false},
	"rect":{
		"pos":[44.875000,-13.593750],
		"size":[18.625000,1.687500],
		"color":[220,188,169],
		"dynamic":false},
	"rect":{
		"pos":[30.812500,-20.062500],
		"size":[13.750000,0.625000],
		"color":[197,83,38],
		"dynamic":true},
	"rect":{
		"pos":[16.593750,-20.000000],
		"size":[12.937500,0.750000],
		"color":[147,153,176],
		"dynamic":true},
	"rect":{
		"pos":[7.718750,-19.593750],
		"size":[1.812500,20.062500],
		"color":[234,173,112],
		"dynamic":false},
	"rect":{
		"pos":[25.062500,-30.281250],
		"size":[36.750000,1.312500],
		"color":[44,62,3],
		"dynamic":false},
	"rect":{
		"pos":[10.906250,-20.937500],
		"size":[0.937500,0.750000],
		"color":[124,163,241],
		"dynamic":false},
	"rect":{
		"pos":[-14.125000,3.406250],
		"size":[3.000000,21.187500],
		"color":[137,101,5],
		"dynamic":false},
	"rect":{
		"pos":[16.531250,-20.937500],
		"size":[0.687500,0.750000],
		"color":[51,245,90],
		"dynamic":false},
	"rect":{
		"pos":[30.656250,-21.093750],
		"size":[1.062500,0.937500],
		"color":[41,21,57],
		"dynamic":false},
	"rect":{
		"pos":[37.343750,-21.031250],
		"size":[0.812500,0.937500],
		"color":[0,240,166],
		"dynamic":false},
	"rect":{
		"pos":[38.625000,-18.000000],
		"size":[1.125000,6.750000],
		"color":[104,212,118],
		"dynamic":false},
	"rect":{
		"pos":[50.843750,-30.468750],
		"size":[14.437500,1.062500],
		"color":[111,123,214],
		"dynamic":false},
	"rect":{
		"pos":[50.750000,-22.250000],
		"size":[5.125000,5.750000],
		"color":[211,254,217],
		"dynamic":false},
	"rect":{
		"pos":[46.781250,-20.437500],
		"size":[2.562500,0.625000],
		"color":[96,80,56],
		"dynamic":false},
	"rect":{
		"pos":[45.781250,-21.968750],
		"size":[0.562500,2.437500],
		"color":[84,114,150],
		"dynamic":false},
	"rect":{
		"pos":[47.031250,-22.875000],
		"size":[1.937500,0.625000],
		"color":[151,34,120],
		"dynamic":false},
	"rect":{
		"pos":[54.250000,-22.906250],
		"size":[1.875000,0.937500],
		"color":[27,168,202],
		"dynamic":false},
	"rect":{
		"pos":[1.875000,12.781250],
		"size":[29.000000,2.437500],
		"color":[77,212,68],
		"dynamic":false},
	"rect":{
		"pos":[54.812500,-21.187500],
		"size":[0.750000,2.500000],
		"color":[211,22,75],
		"dynamic":false},
	"rect":{
		"pos":[53.875000,-20.375000],
		"size":[1.125000,0.875000],
		"color":[131,142,176],
		"dynamic":false},
	"rect":{
		"pos":[50.625000,-25.812500],
		"size":[3.875000,1.125000],
		"color":[53,32,39],
		"dynamic":false},
	"rect":{
		"pos":[50.875000,-26.656250],
		"size":[2.125000,0.687500],
		"color":[125,58,229],
		"dynamic":false},
	"rect":{
		"pos":[50.906250,-27.375000],
		"size":[0.937500,0.750000],
		"color":[89,125,155],
		"dynamic":false},
	"rect":{
		"pos":[51.125000,-28.281250],
		"size":[6.000000,0.937500],
		"color":[28,148,177],
		"dynamic":false},
	"rect":{
		"pos":[58.437500,-21.531250],
		"size":[1.875000,19.312500],
		"color":[162,190,29],
		"dynamic":false},
	"rect":{
		"pos":[1.812500,3.000000],
		"size":[17.125000,1.750000],
		"color":[230,40,18],
		"dynamic":false},
	"rect":{
		"pos":[17.562500,-5.281250],
		"size":[2.125000,8.187500],
		"color":[74,189,201],
		"dynamic":false},
	"rect":{
		"pos":[24.593750,0.187500],
		"size":[16.187500,2.625000],
		"color":[138,47,155],
		"dynamic":false},
	"rect":{
		"pos":[24.656250,12.812500],
		"size":[16.312500,2.375000],
		"color":[76,132,36],
		"dynamic":false}
}