{	"circle":{
		"size":0.976281,
		"pos":[48.375000,-5.250000],
		"color":[7,31,164],
		"dynamic":true},
	"circle":{
		"size":0.883883,
		"pos":[80.750000,-5.875000],
		"color":[110,158,64],
		"dynamic":true},
	"circle":{
		"size":0.976281,
		"pos":[85.750000,-5.375000],
		"color":[217,121,243],
		"dynamic":true},
	"circle":{
		"size":1.118034,
		"pos":[130.875000,0.375000],
		"color":[126,65,244],
		"dynamic":false},
	"circle":{
		"size":0.901388,
		"pos":[176.500000,15.750000],
		"color":[19,51,206],
		"dynamic":false},
	"circle":{
		"size":1.625000,
		"pos":[302.000000,-2.500000],
		"color":[63,230,250],
		"dynamic":true},
	"pickable":{"pos":[319.125000,-3.250000]},
	"pickable":{"pos":[275.250000,-6.000000]},
	"pickable":{"pos":[229.500000,-5.875000]},
	"pickable":{"pos":[199.875000,-6.500000]},
	"pickable":{"pos":[176.875000,20.875000]},
	"pickable":{"pos":[145.250000,10.875000]},
	"pickable":{"pos":[114.625000,-0.250000]},
	"pickable":{"pos":[96.000000,-6.750000]},
	"pickable":{"pos":[82.875000,0.125000]},
	"pickable":{"pos":[53.875000,-5.750000]},
	"player":{ "pos":[-13.687500,0.937500]},
	"rect":{
		"pos":[221.000000,-76.000000],
		"size":[526.000000,136.000000],
		"color":[179,128,129],
		"dynamic":false},
	"rect":{
		"pos":[69.875000,-5.812500],
		"size":[8.000000,3.875000],
		"color":[166,46,117],
		"dynamic":false},
	"rect":{
		"pos":[83.187500,-2.000000],
		"size":[10.375000,1.000000],
		"color":[197,196,83],
		"dynamic":true},
	"rect":{
		"pos":[130.812500,5.125000],
		"size":[15.125000,1.250000],
		"color":[208,89,30],
		"dynamic":true},
	"rect":{
		"pos":[145.375000,8.187500],
		"size":[11.750000,2.125000],
		"color":[222,115,99],
		"dynamic":false},
	"rect":{
		"pos":[115.750000,-4.937500],
		"size":[11.250000,5.875000],
		"color":[139,1,249],
		"dynamic":false},
	"rect":{
		"pos":[168.562500,4.375000],
		"size":[3.125000,24.500000],
		"color":[202,183,251],
		"dynamic":false},
	"rect":{
		"pos":[172.875000,-4.500000],
		"size":[0.750000,6.500000],
		"color":[90,240,107],
		"dynamic":false},
	"rect":{
		"pos":[-13.812500,-4.812500],
		"size":[13.875000,5.875000],
		"color":[29,61,248],
		"dynamic":false},
	"rect":{
		"pos":[175.187500,-4.437500],
		"size":[0.375000,6.625000],
		"color":[62,2,156],
		"dynamic":false},
	"rect":{
		"pos":[177.812500,-4.437500],
		"size":[0.625000,6.125000],
		"color":[96,163,111],
		"dynamic":false},
	"rect":{
		"pos":[180.812500,-4.312500],
		"size":[0.625000,6.875000],
		"color":[218,145,12],
		"dynamic":false},
	"rect":{
		"pos":[185.625000,4.437500],
		"size":[2.250000,24.625000],
		"color":[130,201,36],
		"dynamic":false},
	"rect":{
		"pos":[173.125000,17.750000],
		"size":[6.750000,1.000000],
		"color":[176,166,122],
		"dynamic":true},
	"rect":{
		"pos":[180.812500,17.812500],
		"size":[8.375000,1.125000],
		"color":[96,190,215],
		"dynamic":true},
	"rect":{
		"pos":[189.875000,12.437500],
		"size":[2.000000,1.125000],
		"color":[117,186,40],
		"dynamic":true},
	"rect":{
		"pos":[194.250000,10.125000],
		"size":[1.500000,1.000000],
		"color":[184,12,93],
		"dynamic":true},
	"rect":{
		"pos":[192.312500,6.062500],
		"size":[2.625000,1.375000],
		"color":[101,32,183],
		"dynamic":true},
	"rect":{
		"pos":[-1.125000,-6.000000],
		"size":[11.500000,3.500000],
		"color":[27,39,159],
		"dynamic":false},
	"rect":{
		"pos":[220.687500,-6.000000],
		"size":[1.375000,1.250000],
		"color":[83,232,11],
		"dynamic":true},
	"rect":{
		"pos":[220.500000,-3.312500],
		"size":[1.500000,1.375000],
		"color":[68,79,195],
		"dynamic":true},
	"rect":{
		"pos":[220.375000,-1.437500],
		"size":[1.750000,1.375000],
		"color":[227,118,10],
		"dynamic":true},
	"rect":{
		"pos":[220.312500,1.062500],
		"size":[1.625000,2.125000],
		"color":[1,76,186],
		"dynamic":true},
	"rect":{
		"pos":[220.187500,3.937500],
		"size":[1.375000,2.375000],
		"color":[208,254,146],
		"dynamic":true},
	"rect":{
		"pos":[220.375000,7.000000],
		"size":[1.500000,2.000000],
		"color":[218,115,204],
		"dynamic":true},
	"rect":{
		"pos":[220.062500,10.562500],
		"size":[1.375000,2.375000],
		"color":[13,25,4],
		"dynamic":true},
	"rect":{
		"pos":[243.312500,-6.125000],
		"size":[1.375000,1.750000],
		"color":[57,83,197],
		"dynamic":true},
	"rect":{
		"pos":[245.500000,-6.062500],
		"size":[0.500000,1.375000],
		"color":[168,182,191],
		"dynamic":true},
	"rect":{
		"pos":[247.562500,-6.062500],
		"size":[1.375000,1.875000],
		"color":[58,96,0],
		"dynamic":true},
	"rect":{
		"pos":[8.062500,-6.937500],
		"size":[6.875000,2.375000],
		"color":[2,143,137],
		"dynamic":false},
	"rect":{
		"pos":[250.375000,-6.125000],
		"size":[1.000000,1.750000],
		"color":[34,118,46],
		"dynamic":true},
	"rect":{
		"pos":[252.750000,-6.125000],
		"size":[1.250000,1.500000],
		"color":[207,91,197],
		"dynamic":true},
	"rect":{
		"pos":[255.562500,-6.125000],
		"size":[1.625000,1.750000],
		"color":[44,69,188],
		"dynamic":true},
	"rect":{
		"pos":[258.375000,-6.250000],
		"size":[1.250000,2.000000],
		"color":[253,200,158],
		"dynamic":true},
	"rect":{
		"pos":[260.937500,-6.312500],
		"size":[1.875000,2.125000],
		"color":[105,69,178],
		"dynamic":true},
	"rect":{
		"pos":[259.812500,-3.312500],
		"size":[2.125000,2.125000],
		"color":[176,205,145],
		"dynamic":true},
	"rect":{
		"pos":[257.000000,-3.187500],
		"size":[2.000000,2.125000],
		"color":[56,93,50],
		"dynamic":true},
	"rect":{
		"pos":[253.937500,-3.187500],
		"size":[2.625000,2.125000],
		"color":[11,67,67],
		"dynamic":true},
	"rect":{
		"pos":[251.062500,-3.937500],
		"size":[1.875000,2.125000],
		"color":[181,16,197],
		"dynamic":true},
	"rect":{
		"pos":[248.625000,-3.625000],
		"size":[1.750000,1.750000],
		"color":[78,234,101],
		"dynamic":true},
	"rect":{
		"pos":[-39.562500,3.312500],
		"size":[4.875000,22.375000],
		"color":[170,15,198],
		"dynamic":false},
	"rect":{
		"pos":[246.250000,-3.375000],
		"size":[1.000000,1.500000],
		"color":[125,103,57],
		"dynamic":true},
	"rect":{
		"pos":[243.562500,-3.375000],
		"size":[1.375000,1.750000],
		"color":[153,251,6],
		"dynamic":true},
	"rect":{
		"pos":[244.500000,-1.125000],
		"size":[1.500000,1.750000],
		"color":[205,16,188],
		"dynamic":true},
	"rect":{
		"pos":[247.500000,-1.125000],
		"size":[2.000000,2.000000],
		"color":[62,144,156],
		"dynamic":true},
	"rect":{
		"pos":[251.062500,-0.937500],
		"size":[1.625000,1.625000],
		"color":[19,2,129],
		"dynamic":true},
	"rect":{
		"pos":[254.125000,-0.187500],
		"size":[1.250000,1.625000],
		"color":[99,150,215],
		"dynamic":true},
	"rect":{
		"pos":[257.062500,-0.187500],
		"size":[1.625000,1.625000],
		"color":[24,71,79],
		"dynamic":true},
	"rect":{
		"pos":[255.750000,2.125000],
		"size":[2.000000,2.750000],
		"color":[20,73,172],
		"dynamic":true},
	"rect":{
		"pos":[253.062500,2.625000],
		"size":[1.375000,2.000000],
		"color":[62,187,193],
		"dynamic":true},
	"rect":{
		"pos":[249.937500,2.562500],
		"size":[1.625000,1.875000],
		"color":[41,100,20],
		"dynamic":true},
	"rect":{
		"pos":[34.500000,-6.562500],
		"size":[6.500000,2.875000],
		"color":[75,125,73],
		"dynamic":false},
	"rect":{
		"pos":[247.250000,2.500000],
		"size":[1.500000,2.250000],
		"color":[140,222,44],
		"dynamic":true},
	"rect":{
		"pos":[245.125000,2.625000],
		"size":[1.250000,2.250000],
		"color":[126,148,103],
		"dynamic":true},
	"rect":{
		"pos":[246.750000,5.687500],
		"size":[2.250000,2.125000],
		"color":[126,13,96],
		"dynamic":true},
	"rect":{
		"pos":[249.250000,5.687500],
		"size":[1.750000,1.625000],
		"color":[110,201,109],
		"dynamic":true},
	"rect":{
		"pos":[251.812500,6.000000],
		"size":[1.375000,1.500000],
		"color":[215,192,191],
		"dynamic":true},
	"rect":{
		"pos":[253.687500,6.000000],
		"size":[0.875000,1.000000],
		"color":[159,119,112],
		"dynamic":true},
	"rect":{
		"pos":[252.625000,8.687500],
		"size":[1.750000,1.875000],
		"color":[221,155,97],
		"dynamic":true},
	"rect":{
		"pos":[250.875000,9.312500],
		"size":[1.250000,1.875000],
		"color":[111,236,249],
		"dynamic":true},